{
    "metrics": {
        "dropped_iterations": {
            "count": 53,
            "rate": 0.9574911140633785
        },
        "http_req_receiving": {
            "min": 0.062833,
            "med": 0.251998,
            "max": 2.825665,
            "p(90)": 0.401802,
            "p(95)": 0.47226895,
            "avg": 0.2764374483842014
        },
        "data_sent": {
            "count": 173784,
            "rate": 3139.559165403588
        },
        "vus": {
            "min": 2,
            "max": 37,
            "value": 2
        },
        "iteration_duration": {
            "avg": 146.1649172333932,
            "min": 51.333289,
            "med": 91.80166750000001,
            "max": 2502.391887,
            "p(90)": 148.4677065,
            "p(95)": 206.74391800000006
        },
        "http_reqs": {
            "count": 2228,
            "rate": 40.25075853081523
        },
        "http_req_duration": {
            "max": 2483.355786,
            "p(90)": 145.682956,
            "p(95)": 185.50386310000002,
            "avg": 127.30604383123845,
            "min": 51.098286,
            "med": 91.0498235
        },
        "http_req_sending": {
            "p(90)": 0.167089,
            "p(95)": 0.21547670000000002,
            "avg": 0.11437270152603224,
            "min": 0.020893,
            "med": 0.11616299999999999,
            "max": 1.018847
        },
        "http_req_duration{expected_response:true}": {
            "min": 51.098286,
            "med": 91.0498235,
            "max": 2483.355786,
            "p(90)": 145.682956,
            "p(95)": 185.50386310000002,
            "avg": 127.30604383123845
        },
        "http_req_failed": {
            "passes": 0,
            "fails": 2228,
            "value": 0
        },
        "vus_max": {
            "value": 38,
            "min": 7,
            "max": 38
        },
        "iterations": {
            "count": 2228,
            "rate": 40.25075853081523
        },
        "http_req_connecting": {
            "p(95)": 0,
            "avg": 0.02104407540394973,
            "min": 0,
            "med": 0,
            "max": 5.226613,
            "p(90)": 0
        },
        "http_req_waiting": {
            "max": 2482.782264,
            "p(90)": 145.315221,
            "p(95)": 185.17497860000003,
            "avg": 126.91523368132844,
            "min": 50.648835,
            "med": 90.6295315
        },
        "http_req_tls_handshaking": {
            "avg": 0,
            "min": 0,
            "med": 0,
            "max": 0,
            "p(90)": 0,
            "p(95)": 0
        },
        "http_req_blocked": {
            "p(95)": 0.05160115000000013,
            "avg": 0.049463667414721704,
            "min": 0.006983,
            "med": 0.015446999999999999,
            "max": 8.607851,
            "p(90)": 0.0235206
        },
        "data_received": {
            "rate": 11270.212388628264,
            "count": 623840
        }
    },
    "root_group": {
        "checks": {},
        "name": "",
        "path": "",
        "id": "d41d8cd98f00b204e9800998ecf8427e",
        "groups": {}
    }
}