{
    "metrics": {
        "data_received": {
            "count": 995400,
            "rate": 16994.103098484167
        },
        "http_req_blocked": {
            "avg": 0.040308255977496446,
            "min": 0.005527,
            "med": 0.015348,
            "max": 11.558371,
            "p(90)": 0.022653,
            "p(95)": 0.05047539999999968
        },
        "http_req_tls_handshaking": {
            "p(95)": 0,
            "avg": 0,
            "min": 0,
            "med": 0,
            "max": 0,
            "p(90)": 0
        },
        "http_req_duration{expected_response:true}": {
            "avg": 166.13591600618824,
            "min": 50.785673,
            "med": 106.150324,
            "max": 1778.015689,
            "p(90)": 310.724024,
            "p(95)": 342.9600856
        },
        "http_req_waiting": {
            "avg": 165.73553414852282,
            "min": 50.615409,
            "med": 105.650887,
            "max": 1777.551312,
            "p(90)": 310.43408839999995,
            "p(95)": 342.2824652
        },
        "http_req_failed": {
            "fails": 3555,
            "passes": 0,
            "value": 0
        },
        "dropped_iterations": {
            "count": 46,
            "rate": 0.7853413125680849
        },
        "http_req_sending": {
            "avg": 0.1130279535864981,
            "min": 0.01433,
            "med": 0.108668,
            "max": 17.50025,
            "p(90)": 0.1593018,
            "p(95)": 0.20371579999999997
        },
        "vus": {
            "value": 8,
            "min": 7,
            "max": 35
        },
        "iteration_duration": {
            "avg": 174.9888672337553,
            "min": 51.002627,
            "med": 106.933722,
            "max": 1779.7072,
            "p(90)": 316.8589168,
            "p(95)": 357.16059359999997
        },
        "http_req_connecting": {
            "avg": 0.012309201406469761,
            "min": 0,
            "med": 0,
            "max": 5.723697,
            "p(90)": 0,
            "p(95)": 0
        },
        "data_sent": {
            "count": 277290,
            "rate": 4734.0715774348755
        },
        "http_reqs": {
            "count": 3555,
            "rate": 60.693225351729176
        },
        "http_req_duration": {
            "p(90)": 310.724024,
            "p(95)": 342.9600856,
            "avg": 166.13591600618824,
            "min": 50.785673,
            "med": 106.150324,
            "max": 1778.015689
        },
        "http_req_receiving": {
            "avg": 0.2873539040787624,
            "min": 0.064272,
            "med": 0.24546,
            "max": 8.73176,
            "p(90)": 0.4154774,
            "p(95)": 0.5025263999999999
        },
        "iterations": {
            "count": 3555,
            "rate": 60.693225351729176
        },
        "vus_max": {
            "value": 47,
            "min": 10,
            "max": 47
        }
    },
    "root_group": {
        "name": "",
        "path": "",
        "id": "d41d8cd98f00b204e9800998ecf8427e",
        "groups": {},
        "checks": {}
    }
}