{
    "root_group": {
        "checks": {},
        "name": "",
        "path": "",
        "id": "d41d8cd98f00b204e9800998ecf8427e",
        "groups": {}
    },
    "metrics": {
        "data_sent": {
            "count": 450294,
            "rate": 7420.814225647218
        },
        "iterations": {
            "rate": 95.13864391855408,
            "count": 5773
        },
        "http_req_sending": {
            "avg": 0.11052036445522256,
            "min": 0.018918,
            "med": 0.075836,
            "max": 9.882293,
            "p(90)": 0.1658764,
            "p(95)": 0.23159179999999996
        },
        "dropped_iterations": {
            "count": 6288,
            "rate": 103.62580858476841
        },
        "vus": {
            "value": 1,
            "min": 1,
            "max": 201
        },
        "http_reqs": {
            "count": 5773,
            "rate": 95.13864391855408
        },
        "http_req_blocked": {
            "avg": 0.08012500796812748,
            "min": 0.004627,
            "med": 0.015187,
            "max": 21.039189,
            "p(90)": 0.024452400000000003,
            "p(95)": 0.09644819999999985
        },
        "vus_max": {
            "value": 201,
            "min": 68,
            "max": 201
        },
        "http_req_duration": {
            "med": 1698.75499,
            "max": 46605.889581,
            "p(90)": 2691.7039130000003,
            "p(95)": 2990.9468951999993,
            "avg": 2006.6016519946293,
            "min": 55.129377
        },
        "http_req_connecting": {
            "p(95)": 0,
            "avg": 0.048417256192620814,
            "min": 0,
            "med": 0,
            "max": 20.856783,
            "p(90)": 0
        },
        "http_req_tls_handshaking": {
            "avg": 0,
            "min": 0,
            "med": 0,
            "max": 0,
            "p(90)": 0,
            "p(95)": 0
        },
        "data_received": {
            "count": 1616440,
            "rate": 26638.820297195143
        },
        "http_req_receiving": {
            "min": 0.040567,
            "med": 0.217753,
            "max": 9.401495,
            "p(90)": 0.39761180000000007,
            "p(95)": 0.552712,
            "avg": 0.2779651794560892
        },
        "http_req_duration{expected_response:true}": {
            "p(95)": 2990.9468951999993,
            "avg": 2006.6016519946293,
            "min": 55.129377,
            "med": 1698.75499,
            "max": 46605.889581,
            "p(90)": 2691.7039130000003
        },
        "http_req_failed": {
            "passes": 0,
            "fails": 5773,
            "value": 0
        },
        "iteration_duration": {
            "avg": 2099.274189556385,
            "min": 63.282246,
            "med": 1748.586057,
            "max": 47934.672421,
            "p(90)": 2896.4069378,
            "p(95)": 3684.6766351999995
        },
        "http_req_waiting": {
            "avg": 2006.2131664507258,
            "min": 51.507303,
            "med": 1698.391707,
            "max": 46605.310891,
            "p(90)": 2691.3545924,
            "p(95)": 2990.612456999999
        }
    }
}