{
    "metrics": {
        "http_req_tls_handshaking": {
            "med": 0,
            "max": 0,
            "p(90)": 0,
            "p(95)": 0,
            "avg": 0,
            "min": 0
        },
        "http_req_failed": {
            "passes": 0,
            "fails": 2266,
            "value": 0
        },
        "data_received": {
            "count": 634480,
            "rate": 11548.995492899629
        },
        "http_req_duration{expected_response:true}": {
            "med": 75.5045925,
            "max": 2172.755658,
            "p(90)": 105.2357285,
            "p(95)": 118.62586075,
            "avg": 83.42119739894072,
            "min": 0.658938
        },
        "data_sent": {
            "count": 176748,
            "rate": 3217.220173022039
        },
        "http_reqs": {
            "count": 2266,
            "rate": 41.24641247464153
        },
        "vus_max": {
            "max": 16,
            "value": 16,
            "min": 5
        },
        "dropped_iterations": {
            "count": 15,
            "rate": 0.27303450446585303
        },
        "http_req_blocked": {
            "p(90)": 0.023240999999999998,
            "p(95)": 0.03578625,
            "avg": 0.02963091085613415,
            "min": 0.00723,
            "med": 0.015904500000000002,
            "max": 1.944431
        },
        "http_req_waiting": {
            "avg": 82.9994700926744,
            "min": 0,
            "med": 74.82658699999999,
            "max": 2171.563663,
            "p(90)": 104.764171,
            "p(95)": 118.23749500000001
        },
        "vus": {
            "value": 3,
            "min": 2,
            "max": 14
        },
        "http_req_duration": {
            "p(95)": 118.62586075,
            "avg": 83.42119739894072,
            "min": 0.658938,
            "med": 75.5045925,
            "max": 2172.755658,
            "p(90)": 105.2357285
        },
        "iterations": {
            "count": 2266,
            "rate": 41.24641247464153
        },
        "http_req_connecting": {
            "p(95)": 0,
            "avg": 0.006936132833186233,
            "min": 0,
            "med": 0,
            "max": 1.677669,
            "p(90)": 0
        },
        "http_req_receiving": {
            "avg": 0.29899170873786396,
            "min": 0.059359,
            "med": 0.26200599999999996,
            "max": 3.002621,
            "p(90)": 0.4348425,
            "p(95)": 0.5162034999999999
        },
        "iteration_duration": {
            "avg": 92.32723136231249,
            "min": 50.745177,
            "med": 76.279438,
            "max": 2705.070996,
            "p(90)": 105.932905,
            "p(95)": 119.757049
        },
        "http_req_sending": {
            "med": 0.117346,
            "max": 5.762598,
            "p(90)": 0.17695,
            "p(95)": 0.22603199999999998,
            "avg": 0.12273559752868475,
            "min": 0.02283
        }
    },
    "root_group": {
        "name": "",
        "path": "",
        "id": "d41d8cd98f00b204e9800998ecf8427e",
        "groups": {},
        "checks": {}
    }
}